{
    "dbms": "file", 
    "name": "prism-db/acl/acl-related-work/acl.xlsx", 
    "language": "java,sql", 
    "skip": "", 
    "prefix": "net.divineit.apps.acl", 
    "table_prefix": "acl_", 
    "only": [], 
    "host": "localhost", 
    "output_dir": "./generated_src/prism-all/apps/acl/src/main/", 
    "template_dir": "templates/prism-v7/", 
    "password": "", 
    "schema": "ACL_", 
    "context_processor": [
        "ForeignKey", 
        "Display", 
        "Dropdown", 
        "WriteOnce", 
        "Version"
    ], 
    "version": 103
}