{
    "dbms": "file", 
    "name": "prism-db/cbrms/cbrms.xlsx", 
    "language": "java,sql", 
    "skip": "", 
    "prefix": "net.divineit.apps.cbrms", 
    "table_prefix": "cbr_", 
    "only": [], 
    "host": "localhost", 
    "output_dir": "./generated_src/prism-all/apps/cbrms/src/main/", 
    "template_dir": "templates/prism-v7/", 
    "password": "", 
    "schema": "CBRMS_", 
    "log_level": "i", 
    "context_processor": [
        "ForeignKey", 
        "Display", 
        "Dropdown", 
        "WriteOnce", 
        "Version"
    ], 
    "version": 125
}