{
    "dbms": "file", 
    "name": "prism-db/production/production.xlsx", 
    "language": "java,sql", 
    "skip": "", 
    "prefix": "net.divineit.apps.production", 
    "table_prefix": "prod_", 
    "only": [], 
    "host": "localhost", 
    "output_dir": "./generated_src/prism-all/apps/production/src/main/", 
    "template_dir": "templates/prism-v7/", 
    "password": "", 
    "schema": "PROD_", 
    "log_level": "i", 
    "context_processor": [
        "ForeignKey", 
        "StatusManager", 
        "Display", 
        "Dropdown", 
        "WriteOnce", 
        "Version"
    ], 
    "version": 124
}