
PAYMENT_API_ACCESS_TOKEN,TABLE

id,INTEGER,,1,1,1,1
api_access,VARCHAR2,255,,,,,
api_secret,VARCHAR2,255,,,,,
access_token,VARCHAR2,255,,,,,
created_by,VARCHAR2,32,,,,,
created,TIMESTAMP,255,,,,,
modified_by,VARCHAR2,255,,,,,
modified,VARCHAR2,255,,,,,


PAYMENT_DRAFT,TABLE

id,INTEGER,,1,1,1,1
inv_no,VARCHAR2,20,,,,,
cust_code,VARCHAR2,30,,,,,
inv_amt,INTEGER,,,,,,
tx_date,VARCHAR2,20,,,,,
tx_stat,INTEGER,,,,,,
bank_code,VARCHAR2,10,,,,,
bank_branch,VARCHAR2,10,,,,,
bank_route,VARCHAR2,50,,,,,
zone,VARCHAR2,50,,,,,
zone_id,INTEGER,,,,,,
posted_by,VARCHAR2,255,,,,,
posted,TIMESTAMP,,,,,,
created_by,VARCHAR2,32,,,,,
created,TIMESTAMP,,,,,,
modified_by,VARCHAR2,255,,,,,
modified,TIMESTAMP,,,,,,
foreign_operator,VARCHAR2,255,,,,,
foreign_ref_no,VARCHAR2,512,,,,,
foreign_field_1,VARCHAR2,255,,,,,
foreign_field_2,VARCHAR2,255,,,,,
foreign_field_3,VARCHAR2,255,,,,,
foreign_field_4,VARCHAR2,255,,,,,
foreign_field_5,VARCHAR2,255,,,,,
foreign_field_6,VARCHAR2,255,,,,,
paid_amt,INTEGER,,,,,,
source_tax_amt,INTEGER,,,,,,
revenue_stamp,INTEGER,,,,,,

