
ACL_ROLE_SCOPE,TABLE

id,INTEGER,,1,1,1,1
role_id,INTEGER,,,,,,1
scope_id,INTEGER,,,,,,1
created_by,VARCHAR2,32,,,,,
created,TIMESTAMP,,,,,,
updated_by,VARCHAR2,32,,,,,
updated,TIMESTAMP,,,,,,


ACL_SCOPE_ACTION,TABLE

id,INTEGER,,1,1,1,1
scope,VARCHAR2,255,,,,,1
action,VARCHAR2,1024,,,,,1
method,VARCHAR2,30,,,,,
active,INTEGER,,,,,,
created_by,VARCHAR2,32,,,,,
created,TIMESTAMP,,,,,,
updated_by,VARCHAR2,32,,,,,
updated,TIMESTAMP,,,,,,
type,VARCHAR2,10,,,,,
unused,INTEGER,,,,,,


ACL_SCOPE_ACTION_TEMP,TABLE

id,INTEGER,,1,1,1,1
scope,VARCHAR2,255,,,,,1
action,VARCHAR2,1024,,,,,1
method,VARCHAR2,30,,,,,
active,INTEGER,,,,,,
created_by,VARCHAR2,32,,,,,
created,TIMESTAMP,,,,,,
updated_by,VARCHAR2,32,,,,,
updated,TIMESTAMP,,,,,,
type,VARCHAR2,10,,,,,
unused,INTEGER,,,,,,


ACL_USER,TABLE

id,INTEGER,,,,,,1
username,VARCHAR2,255,1,1,1,1
password,VARCHAR2,255,,,,,
role_id,INTEGER,,,,,,1
first_name,VARCHAR2,255,,,,,
last_name,VARCHAR2,255,,,,,
email,VARCHAR2,255,,,,,
zone_id,INTEGER,,,,,,
active,INTEGER,,,,,,1
reset,INTEGER,,,,,,
salt,VARCHAR2,255,,,,,
last_login,TIMESTAMP,,,,,,
last_impression,TIMESTAMP,,,,,,
created_by,VARCHAR2,32,,,,,
created,TIMESTAMP,,,,,,
updated_by,VARCHAR2,32,,,,,
updated,TIMESTAMP,,,,,,
display_name,VARCHAR2,255,,,,,
description,VARCHAR2,255,,,,,
sett_bank_id,INTEGER,,,,,,
sett_branch_id,INTEGER,,,,,,
country_code,VARCHAR2,20,,,,,
phone,INTEGER,,,,,,
is_deleted,INTEGER,,,,,,
is_posted,INTEGER,,,,,,
modified_by,VARCHAR2,255,,,,,
modified,TIMESTAMP,,,,,,


ACL_USER_ROLE,TABLE

id,INTEGER,,1,1,1,1
role,VARCHAR2,100,,,,,1
description,VARCHAR2,255,,,,,1
rank,INTEGER,,,,,,1
active,INTEGER,,,,,,
created_by,VARCHAR2,32,,,,,
created,TIMESTAMP,,,,,,
updated_by,VARCHAR2,32,,,,,
updated,TIMESTAMP,,,,,,
display_name,VARCHAR2,255,,,,,
is_deleted,INTEGER,,,,,,
is_posted,INTEGER,,,,,,
user_manage,INTEGER,,,,,,

