
PAY_DRAFT,TABLE

id,INTEGER,,1,1,1,1
invoice_no,VARCHAR2,200,,,,,
customer_code,VARCHAR2,255,,,,,
invoice_amount,DECIMAL,,,,,,
transaction_date,DATE,,,,,,
transaction_status,INTEGER,,,,,,
sett_bank_id,INTEGER,,,,,,
sett_branch_id,INTEGER,,,,,,
branch_routing_no,VARCHAR2,200,,,,,
sett_zone_id,INTEGER,,,,,,
posted_by,VARCHAR2,255,,,,,
posted_status,INTEGER,,,,,,
created,TIMESTAMP,,,,,,
created_by,VARCHAR2,32,,,,,
updated,TIMESTAMP,,,,,,
updated_by,VARCHAR2,32,,,,,
operator,VARCHAR2,255,,,,,
ref_no,VARCHAR2,255,,,,,
reason,VARCHAR2,255,,,,,
canceled_operator,VARCHAR2,255,,,,,
chalan_date,DATE,,,,,,
chalan_bank,VARCHAR2,255,,,,,
chalan_branch,VARCHAR2,255,,,,,
chalan_no,VARCHAR2,255,,,,,
paid_amount,DECIMAL,,,,,,
source_tax_amount,DECIMAL,,,,,,
revenue_stamp,DECIMAL,,,,,,
posted,TIMESTAMP,,,,,,
billing_type,VARCHAR2,150,,,,,


PAY_DRAFT_DOMESTIC,TABLE

id,INTEGER,,1,1,1,1
customer_code,VARCHAR2,255,,,,,
customer_id,INTEGER,,,,,,
appliance_summary,VARCHAR2,20,,,,,
bill_amount,INTEGER,,,,,,
surcharge_amount,INTEGER,,,,,,
particulars,VARCHAR2,255,,,,,
bank_transaction_id,VARCHAR2,50,,,,,
transaction_date,DATE,,,,,,
payment_id,INTEGER,,,,,,
voucher_date,DATE,,,,,,
created,TIMESTAMP,,,,,,
created_by,VARCHAR2,32,,,,,
updated,TIMESTAMP,,,,,,
updated_by,VARCHAR2,32,,,,,
operator,VARCHAR2,255,,,,,
posted,TIMESTAMP,,,,,,
posted_by,VARCHAR2,255,,,,,
posted_status,INTEGER,,,,,,
sett_bank_id,INTEGER,,,,,,
sett_branch_id,INTEGER,,,,,,
branch_routing_no,VARCHAR2,200,,,,,
mobile,VARCHAR2,255,,,,,
customer_name,VARCHAR2,255,,,,,
connection_address,VARCHAR2,255,,,,,


PAY_ENTRY_INSTALLMENT,TABLE

id,INTEGER,,1,1,1,1
invoice_no,VARCHAR2,200,,,,,
bank_transaction_id,VARCHAR2,50,,,,,
created,TIMESTAMP,,,,,,
created_by,VARCHAR2,32,,,,,
updated,TIMESTAMP,,,,,,
updated_by,VARCHAR2,32,,,,,
posted_status,INTEGER,,,,,,
sett_bank_id,INTEGER,,,,,,
sett_branch_id,INTEGER,,,,,,
branch_routing_no,VARCHAR2,200,,,,,


PAY_REPORT,TABLE

id,INTEGER,,1,1,1,1
billing_type,VARCHAR2,255,,,,,
trans_date_from,DATE,,,,,,
trans_date_to,DATE,,,,,,
report_type,VARCHAR2,255,,,,,
created,TIMESTAMP,,,,,,
updated,TIMESTAMP,,,,,,
created_by,VARCHAR2,32,,,,,
updated_by,VARCHAR2,32,,,,,

