{
    "dbms": "file", 
    "name": "prism-db/dashboard/dashboard.xlsx", 
    "language": "java,sql", 
    "skip": "", 
    "prefix": "net.divineit.apps.dashboard", 
    "table_prefix": "dash_", 
    "only": [], 
    "host": "localhost", 
    "output_dir": "./generated_src/prism-all/apps/dashboard/src/main/", 
    "template_dir": "templates/prism-v7/", 
    "password": "", 
    "schema": "DASH_", 
    "context_processor": [
        "ForeignKey", 
        "Display", 
        "Dropdown", 
        "WriteOnce", 
        "Version"
    ], 
    "version": 104
}