{
    "username": "root",
    "dbms": "file",
    "name": "prism-db/merchandising/merchandising.xlsx",
    "language": "java,sql",
    "skip": "",
    "prefix": "net.divineit.apps.merchandising",
    "table_prefix": "mer_",
    "only": [],
    "host": "localhost",
    "output_dir": "./generated_src/prism-all/apps/merchandising/src/main/",
    "template_dir": "templates/hracc/",
    "password": "",
    "port": "3306",
    "schema": "MER_",
    "context_processor": ["ForeignKey", "Display", "Dropdown", "WriteOnce"]
}