
ACC_ZONE,TABLE

id,INTEGER,,1,1,1,1
start_date,DATE,,,,,,
end_date,DATE,,,,,,
employee_id,INTEGER,,,,,,
region_id,INTEGER,,,,,,
description,VARCHAR2,512,,,,,
full_name,VARCHAR2,255,,,,,
print_as,VARCHAR2,255,,,,,
code,VARCHAR2,50,,,,,
registration_no,VARCHAR2,255,,,,,
founded,DATE,,,,,,
website,VARCHAR2,255,,,,,
phone,VARCHAR2,255,,,,,
alt_phone,VARCHAR2,255,,,,,
fax,VARCHAR2,255,,,,,
email,VARCHAR2,255,,,,,
alt_email,VARCHAR2,255,,,,,
mobile,VARCHAR2,255,,,,,
alt_mobile,VARCHAR2,255,,,,,
address_id,INTEGER,,,,,,
inactive,INTEGER,,,,,,
deleted,INTEGER,,,,,,
created_by,VARCHAR2,32,,,,,
created,TIMESTAMP,,,,,,
updated_by,VARCHAR2,32,,,,,
updated,TIMESTAMP,,,,,,

