{
    "dbms": "file", 
    "name": "prism-db/titas_bank_payment/pay/pay.xlsx", 
    "language": "java,sql", 
    "skip": "", 
    "prefix": "net.divineit.apps.pay", 
    "table_prefix": "pay_", 
    "only": [], 
    "host": "localhost", 
    "output_dir": "./generated_src/titas-payment/apps/payment/src/main/", 
    "template_dir": "templates/prism-v7/", 
    "password": "", 
    "schema": "PAY_", 
    "context_processor": [
        "ForeignKey", 
        "Display", 
        "Dropdown", 
        "WriteOnce", 
        "Version"
    ], 
    "version": 111
}