{
    "dbms": "file", 
    "name": "prism-db/integrator/integrator.xlsx", 
    "language": "java,sql", 
    "skip": "", 
    "prefix": "net.divineit.apps.integrator", 
    "table_prefix": "int_", 
    "only": [], 
    "host": "localhost", 
    "output_dir": "./generated_src/prism-all/apps/integrator/src/main/", 
    "template_dir": "templates/prism-v7/", 
    "password": "", 
    "schema": "INT_", 
    "log_level": "i", 
    "context_processor": [
        "ForeignKey", 
        "Display", 
        "Dropdown", 
        "WriteOnce", 
        "Version", 
        "StatusManager"
    ], 
    "version": 104
}