
SETT_API_ACCESS_TOKEN,TABLE

id,INTEGER,,1,1,1,1
api_access,VARCHAR2,255,,,,,
api_secret,VARCHAR2,255,,,,,
access_token,VARCHAR2,255,,,,,
sett_bank_id,INTEGER,,,,,,
is_deleted,INTEGER,,,,,,
is_posted,INTEGER,,,,,,
active,INTEGER,,,,,,
created,TIMESTAMP,,,,,,
created_by,VARCHAR2,32,,,,,
updated,TIMESTAMP,,,,,,
updated_by,VARCHAR2,32,,,,,
pay_type,VARCHAR2,150,,,,,


SETT_AUDIT,TABLE

id,INTEGER,,1,1,1,1
model,VARCHAR2,255,,,,,
action,VARCHAR2,255,,,,,
modified_by,VARCHAR2,32,,,,,
modified,TIMESTAMP,,,,,,
previous_data,VARCHAR2,1048,,,,,
updated_data,VARCHAR2,1048,,,,,
created,TIMESTAMP,,,,,,
created_by,VARCHAR2,32,,,,,
updated,TIMESTAMP,,,,,,
updated_by,VARCHAR2,32,,,,,


SETT_BANK,TABLE

id,INTEGER,,1,1,1,1
bank_code,VARCHAR2,200,,,,,
bank_name,VARCHAR2,255,,,,,
description,VARCHAR2,255,,,,,
is_deleted,INTEGER,,,,,,
is_posted,INTEGER,,,,,,
active,INTEGER,,,,,,
created,TIMESTAMP,,,,,,
created_by,VARCHAR2,32,,,,,
updated,TIMESTAMP,,,,,,
updated_by,VARCHAR2,32,,,,,


SETT_BRANCH,TABLE

id,INTEGER,,1,1,1,1
branch_name,VARCHAR2,255,,,,,
branch_code,VARCHAR2,200,,,,,
sett_bank_id,INTEGER,,,,,,
route_no,VARCHAR2,255,,,,,
description,VARCHAR2,255,,,,,
location,VARCHAR2,255,,,,,
website,VARCHAR2,255,,,,,
phone,VARCHAR2,255,,,,,
alt_phone,VARCHAR2,255,,,,,
fax,VARCHAR2,255,,,,,
email,VARCHAR2,255,,,,,
alt_email,VARCHAR2,255,,,,,
mobile,VARCHAR2,255,,,,,
alt_mobile,VARCHAR2,255,,,,,
is_deleted,INTEGER,,,,,,
is_posted,INTEGER,,,,,,
active,INTEGER,,,,,,
created,TIMESTAMP,,,,,,
created_by,VARCHAR2,32,,,,,
updated,TIMESTAMP,,,,,,
updated_by,VARCHAR2,32,,,,,


SETT_CONFIG,TABLE

id,INTEGER,,1,1,1,1
code,VARCHAR2,255,,,,,
value,VARCHAR2,255,,,,,
description,VARCHAR2,255,,,,,
created,TIMESTAMP,,,,,,
created_by,VARCHAR2,32,,,,,
updated,TIMESTAMP,,,,,,
updated_by,VARCHAR2,32,,,,,
is_deleted,INTEGER,,,,,,
is_posted,INTEGER,,,,,,
active,INTEGER,,,,,,


SETT_ZONE,TABLE

id,INTEGER,,1,1,1,1
zone_name,VARCHAR2,255,,,,,
sett_bank_id,INTEGER,,,,,,
sett_branch_id,INTEGER,,,,,,
region,VARCHAR2,255,,,,,
description,VARCHAR2,255,,,,,
print_as,VARCHAR2,255,,,,,
zone_code,VARCHAR2,255,,,,,
registration_no,VARCHAR2,255,,,,,
founded,DATE,,,,,,
website,VARCHAR2,255,,,,,
phone,VARCHAR2,255,,,,,
alt_phone,VARCHAR2,255,,,,,
fax,VARCHAR2,255,,,,,
email,VARCHAR2,255,,,,,
alt_email,VARCHAR2,255,,,,,
mobile,VARCHAR2,255,,,,,
alt_mobile,VARCHAR2,255,,,,,
location,VARCHAR2,255,,,,,
is_deleted,INTEGER,,,,,,
is_posted,INTEGER,,,,,,
active,INTEGER,,,,,,
created,TIMESTAMP,,,,,,
created_by,VARCHAR2,32,,,,,
updated,TIMESTAMP,,,,,,
updated_by,VARCHAR2,32,,,,,

