{
    "dbms": "file", 
    "name": "prism-db/audit/audit.xlsx",
    "language": "java,sql", 
    "skip": "", 
    "prefix": "net.divineit.apps.audit",
    "table_prefix": "audit_",
    "only": [], 
    "host": "localhost", 
    "output_dir": "./generated_src/prism-all/apps/audit/src/main/",
    "template_dir": "templates/prism-v7/", 
    "password": "", 
    "schema": "AUDIT_",
    "context_processor": [
        "ForeignKey", 
        "Display", 
        "Dropdown", 
        "WriteOnce", 
        "Version"
    ], 
    "version": 101
}