{
    "dbms": "file", 
    "name": "prism-db/project_management/project_management.xlsx", 
    "language": "java,sql", 
    "skip": "", 
    "prefix": "net.divineit.apps.planner", 
    "table_prefix": "plan_", 
    "only": [], 
    "host": "localhost", 
    "output_dir": "./generated_src/prism-all/apps/project-management/src/main/", 
    "template_dir": "templates/prism-v7/", 
    "password": "", 
    "schema": "PLAN_", 
    "context_processor": [
        "ForeignKey", 
        "Display", 
        "Dropdown", 
        "WriteOnce", 
        "Version", 
        "StatusManager"
    ], 
    "version": 107
}