{
    "username": "root",
    "dbms": "file",
    "name": "/Users/HZ/ownCloud/prism-db/project_management/project_management.xlsx",
    "language": "java,sql",
    "skip": "",
    "prefix": "net.divineit.apps.sett",
    "table_prefix": "sett_",
    "only": [],
    "host": "localhost",
    "output_dir": "/Users/HZ/Documents/Projects/project-management/apps/tasks/src/main/",
    "template_dir": "templates/hracc/",
    "password": "",
    "port": "3306",
    "schema": “SETT_”,
    "context_processor": ["ForeignKey", "Display", "Dropdown", "WriteOnce"]
}