{
    "dbms": "file", 
    "name": "prism-db/tna/tna.xlsx", 
    "language": "java,sql", 
    "skip": "", 
    "prefix": "net.divineit.apps.tna.attendance", 
    "table_prefix": "att_", 
    "only": [], 
    "host": "localhost", 
    "output_dir": "./generated_src/prism-all/apps/tna/src/main/", 
    "template_dir": "templates/prism-v7/", 
    "password": "", 
    "schema": "ATT_", 
    "context_processor": [
        "ForeignKey", 
        "Display", 
        "Dropdown", 
        "WriteOnce", 
        "Version"
    ], 
    "version": 105
}