{
    "dbms": "file", 
    "name": "prism-db/prism4/p4.xls", 
    "language": "python,sql", 
    "skip": "", 
    "prefix": "net.divineit.apps.manufacturing", 
    "table_prefix": "prod_", 
    "only": [], 
    "host": "localhost", 
    "output_dir": "D:/#OFFC/prismerp-p-series/divineba", 
    "template_dir": "templates/prism-v4/", 
    "password": "", 
    "schema": "PROD_", 
    "context_processor": [
        "ForeignKey", 
        "Display", 
        "Dropdown", 
        "WriteOnce", 
        "Version", 
        "StatusManager"
    ], 
    "version": 122
}