{
    "dbms": "file", 
    "name": "prism-db/prism4/p4.xls",
    "language": "python,sql",
    "skip": "", 
    "prefix": "net.divineit.apps.upload",
    "table_prefix": "upload_",
    "only": ["UPLOAD_PRODUCTS"],
    "host": "localhost", 
    "output_dir": "/Users/HZ/Documents/Projects/prism4/divineba/",
    "template_dir": "templates/prism-v4/", 
    "password": "", 
    "schema": "UPLOAD_",
    "context_processor": [
        "ForeignKey", 
        "Display", 
        "Dropdown", 
        "WriteOnce", 
        "Version",
        "StatusManager"
    ], 
    "version": 102
}