{
    "dbms": "file", 
    "name": "prism-db/batch/batch.xlsx",
    "language": "java,sql", 
    "skip": "", 
    "prefix": "net.divineit.apps.batch", 
    "table_prefix": "batch_", 
    "only": [], 
    "host": "localhost", 
    "output_dir": "./generated_src/prism-all/apps/batch/src/main/", 
    "template_dir": "templates/prism-v7/", 
    "password": "", 
    "schema": "BATCH_", 
    "context_processor": [
        "ForeignKey", 
        "Display", 
        "Dropdown", 
        "WriteOnce", 
        "Version"
    ], 
    "version": 112
}