{
    "dbms": "file", 
    "name": "/Users/prismerpmac/ownCloud/prism-db/hrms/bkb/hrms.xlsx",
    "language": "java,sql", 
    "skip": "", 
    "prefix": "net.divineit.apps.hrms.leave",
    "table_prefix": "hr_leave_",
    "only": [], 
    "host": "localhost", 
    "output_dir": "/Users/prismerpmac/Documents/workspace/Divine-Projects/prismAll/apps/hrms/src/main/", 
    "template_dir": "templates/prism-v7/", 
    "password": "", 
    "schema": "HR_LEAVE_",
    "context_processor": [
        "ForeignKey", 
        "Display", 
        "Dropdown", 
        "WriteOnce", 
        "Version"
    ], 
    "version": 5
}