{
    "dbms": "file", 
    "name": "prism-db/chat_box/chat_box.xlsx", 
    "language": "java,sql", 
    "skip": "", 
    "prefix": "net.divineit.apps.chat_box", 
    "table_prefix": "chat_box_", 
    "only": [], 
    "host": "localhost", 
    "output_dir": "./generated_src/prism-all/apps/chat_box/src/main/", 
    "template_dir": "templates/prism-v7/", 
    "password": "", 
    "schema": "CHAT_BOX_", 
    "log_level": "i", 
    "context_processor": [
        "ForeignKey", 
        "Display", 
        "Dropdown", 
        "WriteOnce", 
        "Version"
    ], 
    "version": 101
}