{
    "dbms": "file", 
    "name": "prism-db/blp/blp.xlsx", 
    "language": "java,sql", 
    "skip": "", 
    "prefix": "net.divineit.apps.blp", 
    "table_prefix": "blp_", 
    "only": [], 
    "host": "localhost", 
    "output_dir": "./generated_src/prism-all/apps/blp/src/main/", 
    "template_dir": "templates/prism-v7/", 
    "password": "", 
    "schema": "BLP_", 
    "context_processor": [
        "ForeignKey", 
        "Display", 
        "Dropdown", 
        "WriteOnce", 
        "Version", 
        "StatusManager"
    ], 
    "version": 203
}