MIS_AMLREPORT,TABLE
id,INTEGER,,1,1,1,
report_id,,mis,MIS_REPORT,report,INTEGER


MIS_REPORT,TABLE
id,INTEGER,,1,1,1,
rentity_id,,INTEGER
rentity_branch,255,VARCHAR2
submission_code,,VARCHAR2
report_code,,VARCHAR2
entity_reference,255,VARCHAR2
fiu_ref_number,255,VARCHAR2
submission_date,,DATETIME
currency_code_local,,VARCHAR2
location_id,,mis,MIS_T_ADDRESS,location,INTEGER
reason,4000,VARCHAR2
action,4000,VARCHAR2
report_indicators,LIST: xs:string
activity_id,,mis,MIS_ACTIVITY,activity,INTEGER
transaction,LIST: transaction


MIS_ACTIVITY,TABLE
id,INTEGER,,1,1,1,
report_parties,LIST: report_party_type
goods_services,LIST: t_trans_item


MIS_TRANSACTION,TABLE
id,INTEGER,,1,1,1,
transactionnumber,50,VARCHAR2
internal_ref_number,50,VARCHAR2
transaction_location,255,VARCHAR2
transaction_description,4000,VARCHAR2
date_transaction,,DATETIME
teller,50,VARCHAR2
authorized,50,VARCHAR2
value_date,,DATETIME
transmode_code,,VARCHAR2
transmode_comment,50,VARCHAR2
amount_local,,DECIMAL
goods_services,LIST: t_trans_item
comments,4000,VARCHAR2
involved_parties,LIST: t_party
t_from_my_client_id,,mis,MIS_T_FROM_MY_CLIENT,t_from_my_client,INTEGER
t_from_id,,mis,MIS_T_FROM,t_from,INTEGER
t_to_my_client_id,,mis,MIS_T_TO_MY_CLIENT,t_to_my_client,INTEGER
t_to_id,,mis,MIS_T_TO,t_to,INTEGER
late_deposit,,BOOLEAN
date_posting,,DATETIME


MIS_T_FROM_MY_CLIENT,TABLE
id,INTEGER,,1,1,1,
from_funds_code,,VARCHAR2
from_funds_comment,255,VARCHAR2
from_foreign_currency_id,,mis,MIS_T_FOREIGN_CURRENCY,from_foreign_currency,INTEGER
t_conductor_id,,mis,MIS_T_PERSON_MY_CLIENT,t_conductor,INTEGER
from_country,,VARCHAR2
from_account_id,,mis,MIS_T_ACCOUNT_MY_CLIENT,from_account,INTEGER
from_person_id,,mis,MIS_T_PERSON_MY_CLIENT,from_person,INTEGER
from_entity_id,,mis,MIS_T_ENTITY_MY_CLIENT,from_entity,INTEGER


MIS_T_TO_MY_CLIENT,TABLE
id,INTEGER,,1,1,1,
to_funds_code,,VARCHAR2
to_funds_comment,255,VARCHAR2
to_foreign_currency_id,,mis,MIS_T_FOREIGN_CURRENCY,to_foreign_currency,INTEGER
to_country,,VARCHAR2
to_account_id,,mis,MIS_T_ACCOUNT_MY_CLIENT,to_account,INTEGER
to_person_id,,mis,MIS_T_PERSON_MY_CLIENT,to_person,INTEGER
to_entity_id,,mis,MIS_T_ENTITY_MY_CLIENT,to_entity,INTEGER


MIS_T_ACCOUNT_MY_CLIENT,TABLE
id,INTEGER,,1,1,1,
institution_name,255,VARCHAR2
non_bank_institution,,BOOLEAN
branch,255,VARCHAR2
account,50,VARCHAR2
currency_code,,VARCHAR2
account_name,255,VARCHAR2
iban,34,VARCHAR2
client_number,30,VARCHAR2
personal_account_type,,VARCHAR2
t_entity_id,,mis,MIS_T_ENTITY_MY_CLIENT,t_entity,INTEGER
signatory,LIST: signatory
opened,,DATETIME
closed,,DATETIME
status_code,,VARCHAR2
beneficiary,50,VARCHAR2
beneficiary_comment,255,VARCHAR2
comments,4000,VARCHAR2
institution_code,50,VARCHAR2
swift,8,VARCHAR2
balance,,DECIMAL
date_balance,,DATETIME


MIS_SIGNATORY,TABLE
id,INTEGER,,1,1,1,
is_primary,,BOOLEAN
t_person_id,,mis,MIS_T_PERSON_MY_CLIENT,t_person,INTEGER
role,,VARCHAR2
is_primary,,BOOLEAN
role,,VARCHAR2


MIS_T_ENTITY_MY_CLIENT,TABLE
id,INTEGER,,1,1,1,
name,255,VARCHAR2
commercial_name,255,VARCHAR2
incorporation_legal_form,,VARCHAR2
incorporation_number,50,VARCHAR2
business,255,VARCHAR2
phones,LIST: t_phone
addresses,LIST: t_address
email,,VARCHAR2
url,255,VARCHAR2
incorporation_state,255,VARCHAR2
incorporation_country_code,,VARCHAR2
director_id,LIST: ?
incorporation_date,,DATETIME
tax_number,100,VARCHAR2
tax_reg_number,100,VARCHAR2
comments,4000,VARCHAR2
business_closed,,BOOLEAN
date_business_closed,,DATETIME


MIS_T_PERSON_MY_CLIENT,TABLE
id,INTEGER,,1,1,1,
gender,,VARCHAR2
title,30,VARCHAR2
first_name,100,VARCHAR2
middle_name,100,VARCHAR2
prefix,100,VARCHAR2
last_name,100,VARCHAR2
birthdate,,DATETIME
birth_place,255,VARCHAR2
mothers_name,100,VARCHAR2
alias,100,VARCHAR2
ssn,25,VARCHAR2
id_number,255,VARCHAR2
nationality1,,VARCHAR2
nationality2,,VARCHAR2
nationality3,,VARCHAR2
residence,,VARCHAR2
phones,LIST: t_phone
addresses,LIST: t_address
email,LIST: email_address
occupation,255,VARCHAR2
employer_name,255,VARCHAR2
employer_address_id_id,,mis,MIS_T_ADDRESS,employer_address_id,INTEGER
employer_phone_id_id,,mis,MIS_T_PHONE,employer_phone_id,INTEGER
identification,LIST: t_person_identification
tax_number,100,VARCHAR2
tax_reg_number,100,VARCHAR2
source_of_wealth,255,VARCHAR2
comments,4000,VARCHAR2
passport_number,255,VARCHAR2
passport_country,,VARCHAR2
deceased,,BOOLEAN
date_deceased,,DATETIME


MIS_T_PERSON_IDENTIFICATION,TABLE
id,INTEGER,,1,1,1,
type,,VARCHAR2
number,255,VARCHAR2
issue_date,,DATETIME
expiry_date,,DATETIME
issued_by,255,VARCHAR2
issue_country,,VARCHAR2
comments,4000,VARCHAR2


MIS_T_FOREIGN_CURRENCY,TABLE
id,INTEGER,,1,1,1,
foreign_currency_code,,VARCHAR2
foreign_amount,,DECIMAL
foreign_exchange_rate,,DECIMAL


MIS_T_ADDRESS,TABLE
id,INTEGER,,1,1,1,
address_type,,VARCHAR2
address,100,VARCHAR2
town,255,VARCHAR2
city,255,VARCHAR2
zip,10,VARCHAR2
country_code,,VARCHAR2
state,255,VARCHAR2
comments,4000,VARCHAR2


MIS_T_PHONE,TABLE
id,INTEGER,,1,1,1,
tph_contact_type,,VARCHAR2
tph_communication_type,,VARCHAR2
tph_country_prefix,4,VARCHAR2
tph_number,50,VARCHAR2
tph_extension,10,VARCHAR2
comments,4000,VARCHAR2


MIS_T_PARTY,TABLE
id,INTEGER,,1,1,1,
role,,VARCHAR2
funds_code,,VARCHAR2
funds_comment,255,VARCHAR2
foreign_currency_id,,mis,MIS_T_FOREIGN_CURRENCY,foreign_currency,INTEGER
country,,VARCHAR2
significance,,INTEGER
comments,4000,VARCHAR2
person_my_client_id,,mis,MIS_T_PERSON_MY_CLIENT,person_my_client,INTEGER
account_my_client_id,,mis,MIS_T_ACCOUNT_MY_CLIENT,account_my_client,INTEGER
entity_my_client_id,,mis,MIS_T_ENTITY_MY_CLIENT,entity_my_client,INTEGER


MIS_REPORT_PARTY_TYPE,TABLE
id,INTEGER,,1,1,1,
significance,,INTEGER
reason,4000,VARCHAR2
comments,4000,VARCHAR2


MIS_T_TRANS_ITEM,TABLE
id,INTEGER,,1,1,1,
item_type,,VARCHAR2
item_make,255,VARCHAR2
description,4000,VARCHAR2
previously_registered_to,500,VARCHAR2
presently_registered_to,500,VARCHAR2
estimated_value,,DECIMAL
status_code,,VARCHAR2
status_comments,500,VARCHAR2
disposed_value,,DECIMAL
currency_code,,VARCHAR2
size,,DECIMAL
size_uom,250,VARCHAR2
address_id,,mis,MIS_T_ADDRESS,address,INTEGER
registration_date,,DATETIME
registration_number,500,VARCHAR2
identification_number,255,VARCHAR2
comments,4000,VARCHAR2


