{
    "dbms": "file", 
    "name": "prism-db/commerce_ministry/cm.xlsx",
    "language": "java,sql", 
    "skip": "", 
    "prefix": "net.divineit.apps.tradedata.cm",
    "table_prefix": "cm_", 
    "only": ["CM_PRODUCT_GROUP","CM_HSCODE"], 
    "host": "localhost", 
    "output_dir": "./generated_src/prism-all/apps/cm/src/main/", 
    "template_dir": "templates/prism-v7/", 
    "password": "", 
    "schema": "CM_", 
    "log_level": "i", 
    "context_processor": [
        "ForeignKey", 
        "Display", 
        "Dropdown", 
        "WriteOnce", 
        "Version"
    ], 
    "version": 10
}