{
    "dbms": "file", 
    "name": "prism-db/hrms/hrms/hrms.xlsx", 
    "language": "java,sql", 
    "skip": "", 
    "prefix": "net.divineit.apps.payroll.fund", 
    "table_prefix": "fund_", 
    "only": [], 
    "host": "localhost", 
    "output_dir": "generated_src/prism-all/apps/hrms/src/main/", 
    "template_dir": "templates/prism-v7/", 
    "password": "", 
    "schema": "PR_FUND_", 
    "context_processor": [
        "ForeignKey", 
        "Display", 
        "Dropdown", 
        "WriteOnce", 
        "Version"
    ], 
    "version": 97
}