{
    "dbms": "file", 
    "name": "C:/Users/divineit/ownCloud/prism-db/hrms/hrms/hrms.xlsx", 
    "language": "java,sql", 
    "skip": "", 
    "prefix": "net.divineit.apps.pr", 
    "table_prefix": "pr_", 
    "only": [], 
    "host": "localhost", 
    "output_dir": "E:/divine-it-project/prism-all-hrms/apps/hrms/src/main/", 
    "template_dir": "templates/prism-v7/", 
    "password": "", 
    "schema": "PR_", 
    "context_processor": [
        "ForeignKey", 
        "Display", 
        "Dropdown", 
        "WriteOnce", 
        "Version"
    ], 
    "version": 2
}