{
    "dbms": "file", 
    "name": "prism-db/hrms/hrms/BKB/hrms.xlsx", 
    "language": "java,sql", 
    "skip": "", 
    "prefix": "net.divineit.apps.hrms.promotion", 
    "table_prefix": "hr_prom_", 
    "only": [], 
    "host": "localhost", 
    "output_dir": "./generated_src/prism-all/apps/hrms/src/main/", 
    "template_dir": "templates/prism-v7/", 
    "password": "", 
    "schema": "HR_PROM_", 
    "context_processor": [
        "ForeignKey", 
        "Display", 
        "Dropdown", 
        "WriteOnce", 
        "Version"
    ], 
    "version": 114
}