{
    "dbms": "file", 
    "name": "prism-db/mis/mis.xlsx", 
    "language": "java,sql", 
    "skip": "", 
    "prefix": "net.divineit.apps.mis", 
    "table_prefix": "mis_", 
    "only": [], 
    "host": "localhost", 
    "output_dir": "./generated_src/prism-all/apps/mis/src/main/", 
    "template_dir": "templates/prism-v7/", 
    "password": "", 
    "schema": "MIS_", 
    "context_processor": [
        "ForeignKey", 
        "Display", 
        "Dropdown", 
        "WriteOnce", 
        "Version", 
        "StatusManager"
    ], 
    "version": 218
}