{
    "dbms": "file", 
    "name": "prism-db/Berc/accounting/accounting.xlsx", 
    "language": "java,sql", 
    "skip": "", 
    "prefix": "net.divineit.apps.accounting", 
    "table_prefix": "acc_", 
    "only": [], 
    "host": "localhost", 
    "output_dir": "./generated_src/prism-all/apps/accounting/src/main/", 
    "template_dir": "templates/prism-v7/", 
    "password": "", 
    "schema": "ACC_", 
    "context_processor": [
        "ForeignKey", 
        "Display", 
        "Dropdown", 
        "WriteOnce", 
        "Version"
    ], 
    "version": 115
}